{
	"format_version": "1.12.0",
	"minecraft:geometry": [
		{
			"description": {
				"identifier": "geometry.cake_tall_full",
				"texture_width": 32,
				"texture_height": 32,
				"visible_bounds_width": 2,
				"visible_bounds_height": 2.5,
				"visible_bounds_offset": [0, 0.75, 0]
			},
			"bones": [
				{
					"name": "bb_main",
					"pivot": [0, 0, 0],
					"cubes": [
						{
							"origin": [-7, 0, -7],
							"size": [14, 8, 14],
							"uv": {
								"north": {"uv": [14.93333, 0], "uv_size": [14.93333, 7.11111]},
								"east": {"uv": [14.93333, 0], "uv_size": [14.93333, 7.11111]},
								"south": {"uv": [14.93333, 0], "uv_size": [14.93333, 7.11111]},
								"west": {"uv": [14.93333, 0], "uv_size": [14.93333, 7.11111]},
								"up": {"uv": [14.93333, 12.44444], "uv_size": [-14.93333, -12.44444]},
								"down": {"uv": [14.93333, 24.88889], "uv_size": [-14.93333, -12.44444]}
							}
						},
						{
							"origin": [-5, 8, -5],
							"size": [10, 6, 10],
							"uv": {
								"north": {"uv": [14.93333, 24.88889], "uv_size": [10.66667, 5.33333]},
								"east": {"uv": [14.93333, 24.88889], "uv_size": [10.66667, 5.33333]},
								"south": {"uv": [14.93333, 24.88889], "uv_size": [10.66667, 5.33333]},
								"west": {"uv": [14.93333, 24.88889], "uv_size": [10.66667, 5.33333]},
								"up": {"uv": [25.6, 16], "uv_size": [-10.66667, -8.88889]},
								"down": {"uv": [25.6, 24.88889], "uv_size": [-10.66667, -8.88889]}
							}
						},
						{
							"origin": [-3, 14, -3],
							"size": [6, 4, 6],
							"uv": {
								"north": {"uv": [25.6, 14.22222], "uv_size": [6.4, 3.55556]},
								"east": {"uv": [25.6, 14.22222], "uv_size": [6.4, 3.55556]},
								"south": {"uv": [25.6, 14.22222], "uv_size": [6.4, 3.55556]},
								"west": {"uv": [25.6, 14.22222], "uv_size": [6.4, 3.55556]},
								"up": {"uv": [29.86667, 10.66667], "uv_size": [-4.26667, -3.55556]},
								"down": {"uv": [29.86667, 14.22222], "uv_size": [-4.26667, -3.55556]}
							}
						}
					]
				}
			]
		}
	]
}